Time,RobotMode,AutoToRun,LoopTime,BatteryVoltage,Gyro,LeftMotor,LeftEncoder,RightMotor,RightEncoder,PIDTarget,PIDCurrent,PIDINPosition,ElevatorMotorValue,ElevatorAmperage,TopOvertravel,ButtomOvertravel,PIDCurrentState,AutoStackState,GripperState,CompressorStatus,CompressorAmperage
12:07:52.242 PM 03/06/2015,Teleop Enabled,0.000000,20.000000,12.750000,327.674762,-0.000000,-0.039270,0.000000,0.078540,-1.000000,-28.000000,FALSE,0.150000,0.000000,TRUE,FALSE,ResetBack,Disabled,FALSE,FALSE,0.968750
12:07:52.342 PM 03/06/2015,Teleop Enabled,0.000000,19.000000,12.750000,327.405884,-0.000000,-0.039270,0.000000,0.078540,-1.000000,-28.500000,FALSE,0.000000,3.125000,TRUE,FALSE,ManualControl,Disabled,FALSE,FALSE,0.968750
12:07:52.444 PM 03/06/2015,Teleop Enabled,0.000000,20.000000,12.800000,327.134091,-0.000000,-0.039270,0.000000,0.078540,-1.000000,-28.500000,FALSE,0.000000,0.000000,TRUE,FALSE,ManualControl,Disabled,FALSE,FALSE,0.968750
12:07:52.546 PM 03/06/2015,Teleop Enabled,0.000000,21.000000,12.800000,326.869496,-0.000000,-0.039270,0.000000,0.078540,-1.000000,-28.500000,FALSE,0.000000,0.000000,TRUE,FALSE,ManualControl,Disabled,FALSE,FALSE,0.968750
12:07:52.646 PM 03/06/2015,Teleop Enabled,0.000000,21.000000,12.800000,326.607389,-0.000000,-0.039270,0.000000,0.078540,-1.000000,-28.500000,FALSE,0.000000,0.000000,TRUE,FALSE,ManualControl,Disabled,FALSE,FALSE,0.968750
12:07:52.747 PM 03/06/2015,Teleop Enabled,0.000000,20.000000,12.800000,326.339095,-0.000000,-0.039270,0.000000,0.078540,-1.000000,-28.500000,FALSE,0.000000,0.000000,TRUE,FALSE,ManualControl,Disabled,FALSE,FALSE,0.968750
12:07:52.847 PM 03/06/2015,Teleop Enabled,0.000000,20.000000,12.800000,326.077365,-0.000000,-0.039270,0.000000,0.078540,-1.000000,-28.500000,FALSE,0.000000,0.000000,TRUE,FALSE,ManualControl,Disabled,FALSE,FALSE,0.968750
12:07:52.947 PM 03/06/2015,Teleop Enabled,0.000000,19.000000,12.750000,325.860823,-0.000000,-0.039270,0.000000,0.078540,-1.000000,-28.500000,FALSE,0.000000,0.000000,TRUE,FALSE,ManualControl,Disabled,FALSE,FALSE,0.968750
12:07:53.047 PM 03/06/2015,Teleop Enabled,0.000000,20.000000,12.750000,325.582935,-0.000000,-0.039270,0.000000,0.078540,-1.000000,-28.500000,FALSE,0.000000,0.000000,TRUE,FALSE,ManualControl,Disabled,FALSE,FALSE,0.968750
12:07:53.148 PM 03/06/2015,Teleop Enabled,0.000000,21.000000,12.800000,325.307614,-0.000000,-0.039270,0.000000,0.078540,-1.000000,-28.500000,FALSE,0.000000,0.000000,TRUE,FALSE,ManualControl,Disabled,FALSE,FALSE,0.968750
12:07:53.249 PM 03/06/2015,Teleop Enabled,0.000000,19.000000,12.750000,325.036258,-0.000000,-0.039270,0.000000,0.078540,-1.000000,-28.500000,FALSE,0.000000,0.000000,TRUE,FALSE,ManualControl,Disabled,FALSE,FALSE,0.968750
12:07:53.350 PM 03/06/2015,Teleop Enabled,0.000000,19.000000,12.750000,324.757957,-0.000000,-0.039270,0.000000,0.078540,-1.000000,-28.500000,FALSE,0.000000,0.000000,TRUE,FALSE,ManualControl,Disabled,FALSE,FALSE,0.968750
12:07:53.450 PM 03/06/2015,Teleop Enabled,0.000000,21.000000,12.800000,324.482882,-0.000000,-0.039270,0.000000,0.078540,-1.000000,-28.500000,FALSE,0.000000,0.000000,TRUE,FALSE,ManualControl,Disabled,FALSE,FALSE,0.968750
12:07:53.550 PM 03/06/2015,Teleop Enabled,0.000000,20.000000,12.800000,324.206393,-0.000000,-0.039270,0.000000,0.078540,-1.000000,-28.500000,FALSE,0.000000,0.000000,TRUE,FALSE,ManualControl,Disabled,FALSE,FALSE,0.968750
12:07:53.652 PM 03/06/2015,Teleop Enabled,0.000000,20.000000,12.800000,323.878138,-0.000000,-0.039270,0.000000,0.078540,-1.000000,-28.500000,FALSE,0.000000,0.000000,TRUE,FALSE,ManualControl,Disabled,FALSE,FALSE,0.968750
12:07:53.753 PM 03/06/2015,Teleop Enabled,0.000000,20.000000,12.800000,323.610473,-0.000000,-0.039270,0.000000,0.078540,-1.000000,-28.500000,FALSE,0.000000,0.000000,TRUE,FALSE,ManualControl,Disabled,FALSE,FALSE,0.968750
12:07:53.853 PM 03/06/2015,Teleop Enabled,0.000000,19.000000,12.800000,323.326163,-0.000000,-0.039270,0.000000,0.078540,-1.000000,-28.500000,FALSE,0.000000,0.000000,TRUE,FALSE,ManualControl,Disabled,FALSE,FALSE,0.968750
12:07:53.954 PM 03/06/2015,Teleop Enabled,0.000000,19.000000,12.750000,323.051851,-0.000000,-0.039270,0.000000,0.078540,-1.000000,-28.500000,FALSE,0.000000,0.000000,TRUE,FALSE,ManualControl,Disabled,FALSE,FALSE,0.968750
12:07:54.056 PM 03/06/2015,Teleop Enabled,0.000000,20.000000,12.750000,322.773491,-0.000000,-0.039270,0.000000,0.078540,-1.000000,-28.500000,FALSE,0.000000,0.000000,TRUE,FALSE,ManualControl,Disabled,FALSE,FALSE,0.968750
12:07:54.156 PM 03/06/2015,Teleop Enabled,0.000000,21.000000,12.750000,322.480127,-0.000000,-0.039270,0.000000,0.078540,-1.000000,-28.500000,FALSE,0.000000,0.000000,TRUE,FALSE,ManualControl,Disabled,FALSE,FALSE,0.968750
12:07:54.257 PM 03/06/2015,Teleop Enabled,0.000000,20.000000,12.750000,322.201341,-0.000000,-0.039270,0.000000,0.078540,-1.000000,-28.500000,FALSE,0.000000,0.000000,TRUE,FALSE,ManualControl,Disabled,FALSE,FALSE,0.968750
12:07:54.357 PM 03/06/2015,Teleop Enabled,0.000000,20.000000,12.750000,321.938123,-0.000000,-0.039270,0.000000,0.078540,-1.000000,-28.500000,FALSE,0.000000,0.000000,TRUE,FALSE,ManualControl,Disabled,FALSE,FALSE,0.968750
12:07:54.457 PM 03/06/2015,Teleop Enabled,0.000000,20.000000,12.800000,321.666750,-0.000000,-0.039270,0.000000,0.078540,-1.000000,-28.500000,FALSE,0.000000,0.000000,TRUE,FALSE,ManualControl,Disabled,FALSE,FALSE,0.968750
12:07:54.558 PM 03/06/2015,Teleop Enabled,0.000000,20.000000,12.750000,321.394601,-0.000000,-0.039270,0.000000,0.078540,-1.000000,-28.500000,FALSE,0.000000,0.000000,TRUE,FALSE,ManualControl,Disabled,FALSE,FALSE,0.968750
12:07:54.659 PM 03/06/2015,Teleop Enabled,0.000000,20.000000,12.800000,321.124834,-0.000000,-0.039270,0.000000,0.078540,-1.000000,-28.500000,FALSE,0.000000,0.000000,TRUE,FALSE,ManualControl,Disabled,FALSE,FALSE,0.968750
12:07:54.763 PM 03/06/2015,Teleop Enabled,0.000000,21.000000,12.800000,320.856558,-0.000000,-0.039270,0.000000,0.078540,-1.000000,-28.500000,FALSE,0.000000,0.000000,TRUE,FALSE,ManualControl,Disabled,FALSE,FALSE,0.968750
12:07:54.864 PM 03/06/2015,Teleop Enabled,0.000000,20.000000,12.800000,320.597630,-0.000000,-0.039270,0.000000,0.078540,-1.000000,-28.500000,FALSE,0.000000,0.000000,TRUE,FALSE,ManualControl,Disabled,FALSE,FALSE,0.968750
12:07:54.968 PM 03/06/2015,Teleop Enabled,0.000000,19.000000,12.750000,320.326592,-0.000000,-0.039270,0.000000,0.078540,-1.000000,-28.500000,FALSE,0.000000,0.000000,TRUE,FALSE,ManualControl,Disabled,FALSE,FALSE,0.968750
12:07:55.069 PM 03/06/2015,Teleop Enabled,0.000000,19.000000,12.750000,320.051035,-0.000000,-0.039270,0.000000,0.078540,-1.000000,-28.500000,FALSE,0.900000,0.000000,TRUE,FALSE,ManualControl,Disabled,FALSE,FALSE,0.968750
12:07:55.169 PM 03/06/2015,Teleop Enabled,0.000000,21.000000,12.400000,319.768174,-0.000000,-0.039270,0.000000,0.078540,-1.000000,-11.000000,FALSE,0.900000,26.625000,TRUE,FALSE,ManualControl,Disabled,FALSE,FALSE,0.968750
12:07:55.269 PM 03/06/2015,Teleop Enabled,0.000000,20.000000,12.500000,319.516461,-0.000000,-0.039270,0.000000,0.078540,0.000000,17.250000,FALSE,-0.700000,8.375000,TRUE,TRUE,PIDControl,Disabled,FALSE,FALSE,0.968750
12:07:55.370 PM 03/06/2015,Teleop Enabled,0.000000,21.000000,11.950000,319.247614,-0.000000,-0.039270,0.000000,0.078540,-1.000000,7.750000,FALSE,0.900000,31.375000,TRUE,TRUE,ManualControl,Disabled,FALSE,FALSE,0.968750
12:07:55.471 PM 03/06/2015,Teleop Enabled,0.000000,19.000000,11.650000,318.990918,-0.000000,-0.039270,0.000000,0.078540,12.250000,29.250000,FALSE,-0.700000,25.375000,TRUE,TRUE,PIDControl,Disabled,FALSE,FALSE,0.968750
12:07:55.572 PM 03/06/2015,Teleop Enabled,0.000000,19.000000,12.750000,318.679104,-0.000000,-0.039270,0.000000,0.078540,12.250000,10.000000,TRUE,0.254875,16.125000,TRUE,TRUE,PIDControl,Disabled,FALSE,FALSE,0.968750
12:07:55.673 PM 03/06/2015,Teleop Enabled,0.000000,21.000000,12.600000,318.413565,-0.000000,-0.039270,0.000000,0.078540,12.250000,10.750000,TRUE,-0.023375,4.125000,TRUE,TRUE,PIDControl,Disabled,FALSE,FALSE,0.968750
12:07:55.773 PM 03/06/2015,Teleop Enabled,0.000000,19.000000,12.700000,318.153365,-0.000000,-0.039270,0.000000,0.078540,12.250000,10.500000,TRUE,0.084125,0.000000,TRUE,TRUE,PIDControl,Disabled,FALSE,FALSE,0.968750
12:07:55.873 PM 03/06/2015,Teleop Enabled,0.000000,20.000000,12.700000,317.886053,-0.000000,-0.039270,0.000000,0.078540,12.250000,10.250000,TRUE,0.050875,0.000000,TRUE,TRUE,PIDControl,Disabled,FALSE,FALSE,0.968750
12:07:55.973 PM 03/06/2015,Teleop Enabled,0.000000,20.000000,12.700000,317.613955,-0.000000,-0.039270,0.000000,0.078540,12.250000,10.250000,TRUE,0.055875,0.000000,TRUE,TRUE,PIDControl,Disabled,FALSE,FALSE,0.968750
12:07:56.074 PM 03/06/2015,Teleop Enabled,0.000000,20.000000,12.700000,317.348748,-0.000000,-0.039270,0.000000,0.078540,12.250000,10.250000,TRUE,0.060875,0.000000,TRUE,TRUE,PIDControl,Disabled,FALSE,FALSE,0.968750
12:07:56.176 PM 03/06/2015,Teleop Enabled,0.000000,21.000000,12.650000,317.085667,-0.000000,-0.039270,0.000000,0.078540,12.250000,10.250000,TRUE,0.065875,0.000000,TRUE,TRUE,PIDControl,Disabled,FALSE,FALSE,0.968750
12:07:56.277 PM 03/06/2015,Teleop Enabled,0.000000,25.000000,12.700000,316.826760,-0.000000,-0.039270,0.000000,0.078540,12.250000,10.250000,TRUE,0.900000,0.000000,TRUE,TRUE,ManualControl,Disabled,FALSE,FALSE,0.968750
12:07:56.378 PM 03/06/2015,Teleop Enabled,0.000000,21.000000,12.100000,316.562636,-0.000000,-0.039270,0.000000,0.078540,12.250000,22.750000,FALSE,0.900000,25.250000,TRUE,TRUE,ManualControl,Disabled,FALSE,FALSE,0.968750
12:07:56.478 PM 03/06/2015,Teleop Enabled,0.000000,21.000000,12.450000,316.330419,-0.000000,-0.039270,0.000000,0.078540,12.250000,46.000000,FALSE,0.900000,10.875000,TRUE,TRUE,ManualControl,Disabled,FALSE,FALSE,0.968750
12:07:56.579 PM 03/06/2015,Teleop Enabled,0.000000,21.000000,12.500000,316.069386,-0.000000,-0.039270,0.000000,0.078540,12.250000,81.750000,FALSE,0.900000,6.125000,TRUE,TRUE,ManualControl,Disabled,FALSE,FALSE,0.968750
12:07:56.680 PM 03/06/2015,Teleop Enabled,0.000000,21.000000,12.500000,315.797507,-0.000000,-0.039270,0.000000,0.078540,99.500000,111.500000,FALSE,-0.666000,6.625000,TRUE,TRUE,PIDControl,Disabled,FALSE,FALSE,0.968750
12:07:56.781 PM 03/06/2015,Teleop Enabled,0.000000,21.000000,12.000000,315.515559,-0.000000,-0.039270,0.000000,0.078540,99.500000,110.000000,FALSE,-0.300250,17.750000,TRUE,TRUE,PIDControl,Disabled,FALSE,FALSE,0.968750
12:07:56.881 PM 03/06/2015,Teleop Enabled,0.000000,21.000000,12.600000,315.249005,-0.000000,-0.039270,0.000000,0.078540,99.500000,95.500000,FALSE,0.218750,8.875000,TRUE,TRUE,PIDControl,Disabled,FALSE,FALSE,0.968750
12:07:56.982 PM 03/06/2015,Teleop Enabled,0.000000,20.000000,12.650000,314.982075,-0.000000,-0.039270,0.000000,0.078540,99.500000,99.000000,TRUE,-0.070625,3.375000,TRUE,TRUE,PIDControl,Disabled,FALSE,FALSE,0.968750
12:07:57.083 PM 03/06/2015,Teleop Enabled,0.000000,21.000000,12.650000,314.691623,-0.000000,-0.039270,0.000000,0.078540,99.500000,97.250000,TRUE,0.071000,0.000000,TRUE,TRUE,PIDControl,Disabled,FALSE,FALSE,0.968750
12:07:57.184 PM 03/06/2015,Teleop Enabled,0.000000,20.000000,12.650000,314.423805,-0.000000,-0.039270,0.000000,0.078540,99.500000,97.250000,TRUE,0.048125,0.000000,TRUE,TRUE,PIDControl,Disabled,FALSE,FALSE,0.968750
12:07:57.284 PM 03/06/2015,Teleop Enabled,0.000000,20.000000,12.650000,314.159732,-0.000000,-0.039270,0.000000,0.078540,99.500000,97.250000,TRUE,0.053750,0.000000,TRUE,TRUE,PIDControl,Disabled,FALSE,FALSE,0.968750
12:07:57.386 PM 03/06/2015,Teleop Enabled,0.000000,21.000000,12.650000,313.894737,-0.000000,-0.039270,0.000000,0.078540,99.500000,97.250000,TRUE,0.059375,0.000000,TRUE,TRUE,PIDControl,Disabled,FALSE,FALSE,0.968750
12:07:57.486 PM 03/06/2015,Teleop Enabled,0.000000,27.000000,12.700000,313.619198,-0.000000,-0.039270,0.000000,0.078540,99.500000,97.250000,TRUE,0.065000,0.000000,TRUE,TRUE,PIDControl,Disabled,FALSE,FALSE,0.968750
12:07:57.586 PM 03/06/2015,Teleop Enabled,0.000000,20.000000,12.700000,313.350535,-0.000000,-0.039270,0.000000,0.078540,99.500000,97.500000,TRUE,0.061250,0.000000,TRUE,TRUE,PIDControl,Disabled,FALSE,FALSE,0.968750
12:07:57.687 PM 03/06/2015,Teleop Enabled,0.000000,20.000000,12.700000,313.087167,-0.000000,-0.039270,0.000000,0.078540,99.500000,97.500000,TRUE,0.066250,0.000000,TRUE,TRUE,PIDControl,Disabled,FALSE,FALSE,0.968750
12:07:57.788 PM 03/06/2015,Teleop Enabled,0.000000,20.000000,12.700000,312.818679,-0.000000,-0.039270,0.000000,0.078540,99.500000,97.500000,TRUE,0.071250,0.000000,TRUE,TRUE,PIDControl,Disabled,FALSE,FALSE,0.968750
12:07:57.888 PM 03/06/2015,Teleop Enabled,0.000000,20.000000,12.700000,312.549281,-0.000000,-0.039270,0.000000,0.078540,99.500000,97.500000,TRUE,0.076250,0.000000,TRUE,TRUE,PIDControl,Disabled,FALSE,FALSE,0.968750
12:07:57.988 PM 03/06/2015,Teleop Enabled,0.000000,20.000000,12.650000,312.272877,-0.000000,-0.039270,0.000000,0.078540,99.500000,97.500000,TRUE,0.081250,0.000000,TRUE,TRUE,PIDControl,Disabled,FALSE,FALSE,0.968750
12:07:58.089 PM 03/06/2015,Teleop Enabled,0.000000,21.000000,12.650000,312.010517,-0.000000,-0.039270,0.000000,0.078540,99.500000,97.500000,TRUE,0.086250,0.000000,TRUE,TRUE,PIDControl,Disabled,FALSE,FALSE,0.968750
12:07:58.189 PM 03/06/2015,Teleop Enabled,0.000000,20.000000,12.700000,311.750010,-0.000000,-0.039270,0.000000,0.078540,99.500000,98.000000,TRUE,0.081875,0.000000,TRUE,TRUE,PIDControl,Disabled,FALSE,FALSE,0.968750
12:07:58.291 PM 03/06/2015,Teleop Enabled,0.000000,20.000000,12.650000,311.463625,-0.000000,-0.039270,0.000000,0.078540,99.500000,98.000000,TRUE,0.076625,0.000000,TRUE,TRUE,PIDControl,Disabled,FALSE,FALSE,0.968750
12:07:58.391 PM 03/06/2015,Teleop Enabled,0.000000,20.000000,12.650000,311.198842,-0.000000,-0.039270,0.000000,0.078540,99.500000,98.000000,TRUE,0.080375,0.000000,TRUE,TRUE,PIDControl,Disabled,FALSE,FALSE,0.968750
12:07:58.492 PM 03/06/2015,Teleop Enabled,0.000000,20.000000,12.700000,310.854629,-0.000000,-0.039270,0.000000,0.078540,99.500000,98.000000,TRUE,0.084875,0.000000,TRUE,TRUE,PIDControl,Disabled,FALSE,FALSE,0.968750
12:07:58.592 PM 03/06/2015,Teleop Enabled,0.000000,19.000000,12.700000,310.635506,-0.000000,-0.039270,0.000000,0.078540,99.500000,98.000000,TRUE,0.088625,1.250000,TRUE,TRUE,PIDControl,Disabled,FALSE,FALSE,0.968750
12:07:58.693 PM 03/06/2015,Teleop Enabled,0.000000,19.000000,12.650000,310.380393,-0.000000,-0.039270,0.000000,0.078540,99.500000,98.000000,TRUE,0.092375,0.000000,TRUE,TRUE,PIDControl,Disabled,FALSE,FALSE,0.968750
12:07:58.794 PM 03/06/2015,Teleop Enabled,0.000000,19.000000,12.700000,310.109245,-0.000000,-0.039270,0.000000,0.078540,99.500000,98.000000,TRUE,0.096125,0.000000,TRUE,TRUE,PIDControl,Disabled,FALSE,FALSE,0.968750
12:07:58.895 PM 03/06/2015,Teleop Enabled,0.000000,20.000000,12.700000,309.813215,-0.000000,-0.039270,0.000000,0.078540,99.500000,98.000000,TRUE,0.099875,1.250000,TRUE,TRUE,PIDControl,Disabled,FALSE,FALSE,0.968750
12:07:58.996 PM 03/06/2015,Teleop Enabled,0.000000,20.000000,12.700000,309.539159,-0.000000,-0.039270,0.000000,0.078540,99.500000,98.500000,TRUE,0.094375,0.000000,TRUE,TRUE,PIDControl,Disabled,FALSE,FALSE,0.968750
12:07:59.097 PM 03/06/2015,Teleop Enabled,0.000000,21.000000,12.700000,309.278515,-0.000000,-0.039270,0.000000,0.078540,99.500000,98.750000,TRUE,0.078375,0.000000,TRUE,TRUE,PIDControl,Disabled,FALSE,FALSE,0.968750
12:07:59.198 PM 03/06/2015,Teleop Enabled,0.000000,20.000000,12.650000,308.980864,-0.000000,-0.039270,0.000000,0.078540,99.500000,98.750000,TRUE,0.080250,0.875000,TRUE,TRUE,PIDControl,Disabled,FALSE,FALSE,0.968750
12:07:59.299 PM 03/06/2015,Teleop Enabled,0.000000,20.000000,12.700000,308.708780,-0.000000,-0.039270,0.000000,0.078540,99.500000,98.750000,TRUE,0.082125,0.000000,TRUE,TRUE,PIDControl,Disabled,FALSE,FALSE,0.968750
12:07:59.400 PM 03/06/2015,Teleop Enabled,0.000000,21.000000,12.650000,308.400623,-0.000000,-0.039270,0.000000,0.078540,99.500000,98.750000,TRUE,0.084000,0.000000,TRUE,TRUE,PIDControl,Disabled,FALSE,FALSE,0.968750
12:07:59.500 PM 03/06/2015,Teleop Enabled,0.000000,21.000000,12.700000,308.124889,-0.000000,-0.039270,0.000000,0.078540,99.500000,98.750000,TRUE,0.085875,1.125000,TRUE,TRUE,PIDControl,Disabled,FALSE,FALSE,0.968750
12:07:59.601 PM 03/06/2015,Teleop Enabled,0.000000,21.000000,12.700000,307.915309,-0.000000,-0.039270,0.000000,0.078540,99.500000,98.750000,TRUE,0.087750,0.000000,TRUE,TRUE,PIDControl,Disabled,FALSE,FALSE,0.968750
12:07:59.701 PM 03/06/2015,Teleop Enabled,0.000000,21.000000,12.700000,307.659409,-0.000000,-0.039270,0.000000,0.078540,99.500000,98.750000,TRUE,0.089625,0.000000,TRUE,TRUE,PIDControl,Disabled,FALSE,FALSE,0.968750
12:07:59.801 PM 03/06/2015,Teleop Enabled,0.000000,21.000000,11.850000,307.380455,-0.000000,-0.039270,0.000000,0.078540,360.000000,102.750000,FALSE,0.950000,1.250000,TRUE,TRUE,PIDControl,Disabled,FALSE,FALSE,0.968750
12:07:59.901 PM 03/06/2015,Teleop Enabled,0.000000,20.000000,12.400000,307.117884,-0.000000,-0.039270,0.000000,0.078540,360.000000,130.250000,FALSE,0.950000,12.375000,TRUE,TRUE,PIDControl,Disabled,FALSE,FALSE,0.968750
12:08:00.003 PM 03/06/2015,Teleop Enabled,0.000000,21.000000,12.450000,306.858996,-0.000000,-0.039270,0.000000,0.078540,360.000000,162.250000,FALSE,0.950000,7.125000,TRUE,TRUE,PIDControl,Disabled,FALSE,FALSE,0.968750
12:08:00.104 PM 03/06/2015,Teleop Enabled,0.000000,20.000000,12.450000,306.597348,-0.000000,-0.039270,0.000000,0.078540,360.000000,194.000000,FALSE,0.950000,6.875000,TRUE,TRUE,PIDControl,Disabled,FALSE,FALSE,0.968750
12:08:00.204 PM 03/06/2015,Teleop Enabled,0.000000,20.000000,12.450000,306.336994,-0.000000,-0.039270,0.000000,0.078540,360.000000,225.250000,FALSE,0.950000,6.875000,TRUE,TRUE,PIDControl,Disabled,FALSE,FALSE,0.968750
12:08:00.305 PM 03/06/2015,Teleop Enabled,0.000000,19.000000,12.450000,306.058888,-0.000000,-0.039270,0.000000,0.078540,360.000000,257.000000,FALSE,0.950000,6.250000,TRUE,TRUE,PIDControl,Disabled,FALSE,FALSE,0.968750
12:08:00.406 PM 03/06/2015,Teleop Enabled,0.000000,20.000000,12.450000,305.785392,-0.000000,-0.039270,0.000000,0.078540,360.000000,288.750000,FALSE,0.950000,6.750000,TRUE,TRUE,PIDControl,Disabled,FALSE,FALSE,0.968750
12:08:00.506 PM 03/06/2015,Teleop Enabled,0.000000,20.000000,12.450000,305.516159,-0.000000,-0.039270,0.000000,0.078540,360.000000,320.500000,FALSE,0.950000,6.750000,TRUE,TRUE,PIDControl,Disabled,FALSE,FALSE,0.968750
12:08:00.607 PM 03/06/2015,Teleop Enabled,0.000000,20.000000,12.650000,305.235998,-0.000000,-0.039270,0.000000,0.078540,360.000000,351.250000,FALSE,0.080250,5.750000,TRUE,TRUE,PIDControl,Disabled,FALSE,FALSE,0.968750
12:08:00.708 PM 03/06/2015,Teleop Enabled,0.000000,19.000000,12.600000,304.971078,-0.000000,-0.039270,0.000000,0.078540,360.000000,359.500000,TRUE,0.024500,0.000000,TRUE,TRUE,PIDControl,Disabled,FALSE,FALSE,0.968750
12:08:00.810 PM 03/06/2015,Teleop Enabled,0.000000,20.000000,12.600000,304.696547,-0.000000,-0.039270,0.000000,0.078540,360.000000,358.000000,TRUE,0.091250,0.000000,TRUE,TRUE,PIDControl,Disabled,FALSE,FALSE,0.968750
12:08:00.910 PM 03/06/2015,Teleop Enabled,0.000000,20.000000,12.650000,304.415833,-0.000000,-0.039270,0.000000,0.078540,360.000000,359.250000,TRUE,0.040500,1.125000,TRUE,TRUE,PIDControl,Disabled,FALSE,FALSE,0.968750
12:08:01.010 PM 03/06/2015,Teleop Enabled,0.000000,20.000000,12.650000,304.144412,-0.000000,-0.039270,0.000000,0.078540,360.000000,359.250000,TRUE,0.061125,0.000000,TRUE,TRUE,PIDControl,Disabled,FALSE,FALSE,0.968750
12:08:01.112 PM 03/06/2015,Teleop Enabled,0.000000,20.000000,12.650000,303.801583,-0.000000,-0.039270,0.000000,0.078540,360.000000,359.250000,TRUE,0.063375,0.000000,TRUE,TRUE,PIDControl,Disabled,FALSE,FALSE,0.968750
12:08:01.212 PM 03/06/2015,Teleop Enabled,0.000000,19.000000,12.650000,303.532178,-0.000000,-0.039270,0.000000,0.078540,360.000000,359.250000,TRUE,0.065250,0.000000,TRUE,TRUE,PIDControl,Disabled,FALSE,FALSE,0.968750
12:08:01.314 PM 03/06/2015,Teleop Enabled,0.000000,19.000000,12.650000,303.266455,-0.000000,-0.039270,0.000000,0.078540,360.000000,359.250000,TRUE,0.067125,0.000000,TRUE,TRUE,PIDControl,Disabled,FALSE,FALSE,0.968750
12:08:01.414 PM 03/06/2015,Teleop Enabled,0.000000,20.000000,12.650000,302.981202,-0.000000,-0.039270,0.000000,0.078540,360.000000,359.250000,TRUE,0.069000,0.000000,TRUE,TRUE,PIDControl,Disabled,FALSE,FALSE,0.968750
12:08:01.516 PM 03/06/2015,Teleop Enabled,0.000000,20.000000,12.700000,302.690705,-0.000000,-0.039270,0.000000,0.078540,360.000000,359.250000,TRUE,0.070875,0.000000,TRUE,TRUE,PIDControl,Disabled,FALSE,FALSE,0.968750
12:08:01.616 PM 03/06/2015,Teleop Enabled,0.000000,19.000000,12.700000,302.411727,-0.000000,-0.039270,0.000000,0.078540,360.000000,359.250000,TRUE,0.072750,0.000000,TRUE,TRUE,PIDControl,Disabled,FALSE,FALSE,0.968750
12:08:01.717 PM 03/06/2015,Teleop Enabled,0.000000,20.000000,12.700000,302.146821,-0.000000,-0.039270,0.000000,0.078540,360.000000,359.250000,TRUE,0.074625,0.000000,TRUE,TRUE,PIDControl,Disabled,FALSE,FALSE,0.968750
12:08:01.819 PM 03/06/2015,Teleop Enabled,0.000000,20.000000,12.700000,301.891472,-0.000000,-0.039270,0.000000,0.078540,360.000000,359.250000,TRUE,0.076500,0.000000,TRUE,TRUE,PIDControl,Disabled,FALSE,FALSE,0.968750
12:08:01.919 PM 03/06/2015,Teleop Enabled,0.000000,24.000000,12.650000,301.631679,-0.000000,-0.039270,0.000000,0.078540,360.000000,359.250000,TRUE,0.078375,0.000000,TRUE,TRUE,PIDControl,Disabled,FALSE,FALSE,0.968750
12:08:02.019 PM 03/06/2015,Teleop Enabled,0.000000,20.000000,12.650000,301.366386,-0.000000,-0.039270,0.000000,0.078540,360.000000,359.250000,TRUE,0.080250,0.000000,TRUE,TRUE,PIDControl,Disabled,FALSE,FALSE,0.968750
12:08:02.120 PM 03/06/2015,Teleop Enabled,0.000000,20.000000,12.650000,301.102731,-0.000000,-0.039270,0.000000,0.078540,360.000000,359.250000,TRUE,0.082125,0.000000,TRUE,TRUE,PIDControl,Disabled,FALSE,FALSE,0.968750
12:08:02.221 PM 03/06/2015,Teleop Enabled,0.000000,19.000000,12.650000,300.847908,-0.000000,-0.039270,0.000000,0.078540,360.000000,359.250000,TRUE,0.084000,0.875000,TRUE,TRUE,PIDControl,Disabled,FALSE,FALSE,0.968750
12:08:02.321 PM 03/06/2015,Teleop Enabled,0.000000,19.000000,12.650000,300.588043,-0.000000,-0.039270,0.000000,0.078540,360.000000,359.250000,TRUE,0.085875,1.125000,TRUE,TRUE,PIDControl,Disabled,FALSE,FALSE,0.968750
12:08:02.424 PM 03/06/2015,Teleop Enabled,0.000000,21.000000,12.650000,300.321455,-0.000000,-0.039270,0.000000,0.078540,360.000000,359.250000,TRUE,0.087750,0.000000,TRUE,TRUE,PIDControl,Disabled,FALSE,FALSE,0.968750
12:08:02.524 PM 03/06/2015,Teleop Enabled,0.000000,22.000000,12.700000,300.054040,-0.000000,-0.039270,0.000000,0.078540,360.000000,359.250000,TRUE,0.089625,0.000000,TRUE,TRUE,PIDControl,Disabled,FALSE,FALSE,0.968750
12:08:02.624 PM 03/06/2015,Teleop Enabled,0.000000,20.000000,12.700000,299.802795,-0.000000,-0.039270,0.000000,0.078540,360.000000,359.250000,TRUE,0.091500,0.875000,TRUE,TRUE,PIDControl,Disabled,FALSE,FALSE,0.968750
12:08:02.724 PM 03/06/2015,Teleop Enabled,0.000000,19.000000,12.700000,299.541297,-0.000000,-0.039270,0.000000,0.078540,360.000000,359.250000,TRUE,0.093375,0.000000,TRUE,TRUE,PIDControl,Disabled,FALSE,FALSE,0.968750
12:08:02.825 PM 03/06/2015,Teleop Enabled,0.000000,19.000000,12.700000,299.285042,-0.000000,-0.039270,0.000000,0.078540,360.000000,359.250000,TRUE,0.095250,1.000000,TRUE,TRUE,PIDControl,Disabled,FALSE,FALSE,0.968750
12:08:02.927 PM 03/06/2015,Teleop Enabled,0.000000,21.000000,12.700000,299.036986,-0.000000,-0.039270,0.000000,0.078540,360.000000,359.250000,TRUE,0.097125,1.500000,TRUE,TRUE,PIDControl,Disabled,FALSE,FALSE,0.968750
12:08:03.027 PM 03/06/2015,Teleop Enabled,0.000000,19.000000,12.650000,298.778492,-0.000000,-0.039270,0.000000,0.078540,360.000000,359.500000,TRUE,0.099000,0.000000,TRUE,TRUE,PIDControl,Disabled,FALSE,FALSE,0.968750
12:08:03.129 PM 03/06/2015,Teleop Enabled,0.000000,20.000000,12.650000,298.510629,-0.000000,-0.039270,0.000000,0.078540,360.000000,359.500000,TRUE,0.091250,1.125000,TRUE,TRUE,PIDControl,Disabled,FALSE,FALSE,0.968750
12:08:03.229 PM 03/06/2015,Teleop Enabled,0.000000,19.000000,12.650000,298.237253,-0.000000,-0.039270,0.000000,0.078540,360.000000,359.500000,TRUE,0.092500,1.250000,TRUE,TRUE,PIDControl,Disabled,FALSE,FALSE,0.968750
12:08:03.331 PM 03/06/2015,Teleop Enabled,0.000000,20.000000,12.650000,297.957311,-0.000000,-0.039270,0.000000,0.078540,360.000000,359.500000,TRUE,0.093750,0.000000,TRUE,TRUE,PIDControl,Disabled,FALSE,FALSE,0.968750
12:08:03.432 PM 03/06/2015,Teleop Enabled,0.000000,19.000000,12.650000,297.698766,-0.000000,-0.039270,0.000000,0.078540,360.000000,359.500000,TRUE,0.095250,0.000000,TRUE,TRUE,PIDControl,Disabled,FALSE,FALSE,0.968750
12:08:03.534 PM 03/06/2015,Teleop Enabled,0.000000,19.000000,12.700000,297.368809,-0.000000,-0.039270,0.000000,0.078540,360.000000,359.500000,TRUE,0.096500,1.250000,TRUE,TRUE,PIDControl,Disabled,FALSE,FALSE,0.968750
12:08:03.635 PM 03/06/2015,Teleop Enabled,0.000000,20.000000,12.700000,297.094496,-0.000000,-0.039270,0.000000,0.078540,360.000000,359.500000,TRUE,0.097750,0.000000,TRUE,TRUE,PIDControl,Disabled,FALSE,FALSE,0.968750
12:08:03.736 PM 03/06/2015,Teleop Enabled,0.000000,20.000000,12.650000,296.816845,-0.000000,-0.039270,0.000000,0.078540,360.000000,359.500000,TRUE,0.099000,0.000000,TRUE,TRUE,PIDControl,Disabled,FALSE,FALSE,0.968750
12:08:03.836 PM 03/06/2015,Teleop Enabled,0.000000,20.000000,12.700000,296.554437,-0.000000,-0.039270,0.000000,0.078540,360.000000,359.500000,TRUE,0.100250,1.125000,TRUE,TRUE,PIDControl,Disabled,FALSE,FALSE,0.968750
12:08:03.937 PM 03/06/2015,Teleop Enabled,0.000000,20.000000,12.650000,296.289890,-0.000000,-0.039270,0.000000,0.078540,360.000000,359.500000,TRUE,0.101500,0.000000,TRUE,TRUE,PIDControl,Disabled,FALSE,FALSE,0.968750
12:08:04.038 PM 03/06/2015,Teleop Enabled,0.000000,20.000000,12.650000,296.023186,-0.000000,-0.039270,0.000000,0.078540,360.000000,359.500000,TRUE,0.102750,0.000000,TRUE,TRUE,PIDControl,Disabled,FALSE,FALSE,0.968750
12:08:04.138 PM 03/06/2015,Teleop Enabled,0.000000,21.000000,12.650000,295.756728,-0.000000,-0.039270,0.000000,0.078540,360.000000,359.500000,TRUE,0.104000,1.625000,TRUE,TRUE,PIDControl,Disabled,FALSE,FALSE,0.968750
12:08:04.239 PM 03/06/2015,Teleop Enabled,0.000000,20.000000,12.650000,295.490229,-0.000000,-0.039270,0.000000,0.078540,360.000000,359.500000,TRUE,0.105250,0.000000,TRUE,TRUE,PIDControl,Disabled,FALSE,FALSE,0.968750
12:08:04.339 PM 03/06/2015,Teleop Enabled,0.000000,22.000000,12.650000,295.225985,-0.000000,-0.039270,0.000000,0.078540,360.000000,359.500000,TRUE,0.106500,0.000000,TRUE,TRUE,PIDControl,Disabled,FALSE,FALSE,0.968750
12:08:04.441 PM 03/06/2015,Teleop Enabled,0.000000,20.000000,12.650000,294.941327,-0.000000,-0.039270,0.000000,0.078540,360.000000,359.500000,TRUE,0.107750,1.625000,TRUE,TRUE,PIDControl,Disabled,FALSE,FALSE,0.968750
12:08:04.542 PM 03/06/2015,Teleop Enabled,0.000000,21.000000,12.700000,294.662694,-0.000000,-0.039270,0.000000,0.078540,360.000000,360.250000,TRUE,0.071750,0.000000,TRUE,TRUE,PIDControl,Disabled,FALSE,FALSE,0.968750
12:08:04.643 PM 03/06/2015,Teleop Enabled,0.000000,20.000000,12.700000,294.396930,-0.000000,-0.039270,0.000000,0.078540,360.000000,360.250000,TRUE,0.080875,0.000000,TRUE,TRUE,PIDControl,Disabled,FALSE,FALSE,0.968750
12:08:04.745 PM 03/06/2015,Teleop Enabled,0.000000,21.000000,12.700000,294.173063,-0.000000,-0.039270,0.000000,0.078540,360.000000,360.250000,TRUE,0.080250,1.125000,TRUE,TRUE,PIDControl,Disabled,FALSE,FALSE,0.968750
12:08:04.845 PM 03/06/2015,Teleop Enabled,0.000000,20.000000,12.700000,293.911742,-0.000000,-0.039270,0.000000,0.078540,360.000000,360.250000,TRUE,0.079625,0.000000,TRUE,TRUE,PIDControl,Disabled,FALSE,FALSE,0.968750
12:08:04.946 PM 03/06/2015,Teleop Enabled,0.000000,20.000000,12.700000,293.642632,-0.000000,-0.039270,0.000000,0.078540,360.000000,360.250000,TRUE,0.079000,0.000000,TRUE,TRUE,PIDControl,Disabled,FALSE,FALSE,0.968750
12:08:05.048 PM 03/06/2015,Teleop Enabled,0.000000,20.000000,12.650000,293.356510,-0.000000,-0.039270,0.000000,0.078540,360.000000,360.250000,TRUE,0.078375,1.000000,TRUE,TRUE,PIDControl,Disabled,FALSE,FALSE,0.968750
12:08:05.149 PM 03/06/2015,Teleop Enabled,0.000000,20.000000,12.650000,293.096735,-0.000000,-0.039270,0.000000,0.078540,360.000000,360.250000,TRUE,0.077750,0.000000,TRUE,TRUE,PIDControl,Disabled,FALSE,FALSE,0.968750
12:08:05.250 PM 03/06/2015,Teleop Enabled,0.000000,20.000000,12.700000,292.836839,-0.000000,-0.039270,0.000000,0.078540,360.000000,360.250000,TRUE,0.077000,0.000000,TRUE,TRUE,PIDControl,Disabled,FALSE,FALSE,0.968750
12:08:05.350 PM 03/06/2015,Teleop Enabled,0.000000,19.000000,12.700000,292.503567,-0.000000,-0.039270,0.000000,0.078540,360.000000,360.250000,TRUE,0.076500,1.000000,TRUE,TRUE,PIDControl,Disabled,FALSE,FALSE,0.968750
12:08:05.452 PM 03/06/2015,Teleop Enabled,0.000000,21.000000,12.650000,292.247366,-0.000000,-0.039270,0.000000,0.078540,360.000000,360.250000,TRUE,0.075750,0.000000,TRUE,TRUE,PIDControl,Disabled,FALSE,FALSE,0.968750
12:08:05.554 PM 03/06/2015,Teleop Enabled,0.000000,23.000000,12.700000,291.977671,-0.000000,-0.039270,0.000000,0.078540,360.000000,360.250000,TRUE,0.075125,0.000000,TRUE,TRUE,PIDControl,Disabled,FALSE,FALSE,0.968750
12:08:05.655 PM 03/06/2015,Teleop Enabled,0.000000,21.000000,12.700000,291.710718,-0.000000,-0.039270,0.000000,0.078540,360.000000,360.250000,TRUE,0.074500,1.000000,TRUE,TRUE,PIDControl,Disabled,FALSE,FALSE,0.968750
12:08:05.756 PM 03/06/2015,Teleop Enabled,0.000000,20.000000,12.700000,291.441683,-0.000000,-0.039270,0.000000,0.078540,360.000000,360.250000,TRUE,0.073875,0.000000,TRUE,TRUE,PIDControl,Disabled,FALSE,FALSE,0.968750
12:08:05.857 PM 03/06/2015,Teleop Enabled,0.000000,21.000000,12.700000,291.181086,-0.000000,-0.039270,0.000000,0.078540,360.000000,360.250000,TRUE,0.073250,0.000000,TRUE,TRUE,PIDControl,Disabled,FALSE,FALSE,0.968750
12:08:05.957 PM 03/06/2015,Teleop Enabled,0.000000,20.000000,12.700000,290.916508,-0.000000,-0.039270,0.000000,0.078540,360.000000,360.250000,TRUE,0.072625,0.875000,TRUE,TRUE,PIDControl,Disabled,FALSE,FALSE,0.968750
12:08:06.059 PM 03/06/2015,Teleop Enabled,0.000000,20.000000,12.650000,290.648540,-0.000000,-0.039270,0.000000,0.078540,360.000000,360.250000,TRUE,0.072000,0.000000,TRUE,TRUE,PIDControl,Disabled,FALSE,FALSE,0.968750
12:08:06.159 PM 03/06/2015,Teleop Enabled,0.000000,20.000000,12.700000,290.386853,-0.000000,-0.039270,0.000000,0.078540,360.000000,360.250000,TRUE,0.071375,0.000000,TRUE,TRUE,PIDControl,Disabled,FALSE,FALSE,0.968750
12:08:06.261 PM 03/06/2015,Teleop Enabled,0.000000,20.000000,12.650000,290.121092,-0.000000,-0.039270,0.000000,0.078540,360.000000,360.250000,TRUE,0.070750,0.000000,TRUE,TRUE,PIDControl,Disabled,FALSE,FALSE,0.968750
12:08:06.362 PM 03/06/2015,Teleop Enabled,0.000000,21.000000,12.650000,289.854074,-0.000000,-0.039270,0.000000,0.078540,360.000000,360.250000,TRUE,0.070125,0.000000,TRUE,TRUE,PIDControl,Disabled,FALSE,FALSE,0.968750
12:08:06.463 PM 03/06/2015,Teleop Enabled,0.000000,26.000000,12.700000,289.579153,-0.000000,-0.039270,0.000000,0.078540,360.000000,360.250000,TRUE,0.069500,0.000000,TRUE,TRUE,PIDControl,Disabled,FALSE,FALSE,0.968750
12:08:06.564 PM 03/06/2015,Teleop Enabled,0.000000,22.000000,12.700000,289.316554,-0.000000,-0.039270,0.000000,0.078540,360.000000,360.250000,TRUE,0.068875,0.000000,TRUE,TRUE,PIDControl,Disabled,FALSE,FALSE,0.968750
12:08:06.666 PM 03/06/2015,Teleop Enabled,0.000000,21.000000,12.700000,289.058456,-0.000000,-0.039270,0.000000,0.078540,360.000000,360.250000,TRUE,0.068250,0.000000,TRUE,TRUE,PIDControl,Disabled,FALSE,FALSE,0.968750
12:08:06.766 PM 03/06/2015,Teleop Enabled,0.000000,19.000000,12.700000,288.785179,-0.000000,-0.039270,0.000000,0.078540,360.000000,360.250000,TRUE,0.067625,0.000000,TRUE,TRUE,PIDControl,Disabled,FALSE,FALSE,0.968750
12:08:06.868 PM 03/06/2015,Teleop Enabled,0.000000,23.000000,12.700000,288.515081,-0.000000,-0.039270,0.000000,0.078540,360.000000,360.250000,TRUE,0.067000,0.000000,TRUE,TRUE,PIDControl,Disabled,FALSE,FALSE,0.968750
12:08:06.968 PM 03/06/2015,Teleop Enabled,0.000000,20.000000,12.700000,288.279057,-0.000000,-0.039270,0.000000,0.078540,360.000000,360.250000,TRUE,0.066375,0.000000,TRUE,TRUE,PIDControl,Disabled,FALSE,FALSE,0.968750
12:08:07.068 PM 03/06/2015,Teleop Enabled,0.000000,19.000000,12.700000,288.016283,-0.000000,-0.039270,0.000000,0.078540,360.000000,360.250000,TRUE,0.065750,0.000000,TRUE,TRUE,PIDControl,Disabled,FALSE,FALSE,0.968750
12:08:07.169 PM 03/06/2015,Teleop Enabled,0.000000,19.000000,12.700000,287.746596,-0.000000,-0.039270,0.000000,0.078540,360.000000,360.250000,TRUE,0.065125,0.000000,TRUE,TRUE,PIDControl,Disabled,FALSE,FALSE,0.968750
12:08:07.270 PM 03/06/2015,Teleop Enabled,0.000000,19.000000,12.650000,287.451427,-0.000000,-0.039270,0.000000,0.078540,360.000000,360.250000,TRUE,0.064375,0.000000,TRUE,TRUE,PIDControl,Disabled,FALSE,FALSE,0.968750
12:08:07.370 PM 03/06/2015,Teleop Enabled,0.000000,21.000000,12.700000,287.166382,-0.000000,-0.039270,0.000000,0.078540,360.000000,360.250000,TRUE,0.063875,0.000000,TRUE,TRUE,PIDControl,Disabled,FALSE,FALSE,0.968750
12:08:07.471 PM 03/06/2015,Teleop Enabled,0.000000,20.000000,12.700000,286.887910,-0.000000,-0.039270,0.000000,0.078540,360.000000,360.250000,TRUE,0.063250,0.000000,TRUE,TRUE,PIDControl,Disabled,FALSE,FALSE,0.968750
12:08:07.573 PM 03/06/2015,Teleop Enabled,0.000000,20.000000,12.700000,286.572226,-0.000000,-0.039270,0.000000,0.078540,360.000000,360.250000,TRUE,0.062500,0.000000,TRUE,TRUE,PIDControl,Disabled,FALSE,FALSE,0.968750
12:08:07.673 PM 03/06/2015,Teleop Enabled,0.000000,21.000000,12.700000,286.302569,-0.000000,-0.039270,0.000000,0.078540,360.000000,360.250000,TRUE,0.062000,0.000000,TRUE,TRUE,PIDControl,Disabled,FALSE,FALSE,0.968750
12:08:07.775 PM 03/06/2015,Teleop Enabled,0.000000,20.000000,12.700000,286.026397,-0.000000,-0.039270,0.000000,0.078540,360.000000,360.250000,TRUE,0.061250,0.000000,TRUE,TRUE,PIDControl,Disabled,FALSE,FALSE,0.968750
12:08:07.876 PM 03/06/2015,Teleop Enabled,0.000000,20.000000,12.700000,285.753103,-0.000000,-0.039270,0.000000,0.078540,360.000000,360.250000,TRUE,0.060625,0.000000,TRUE,TRUE,PIDControl,Disabled,FALSE,FALSE,0.968750
12:08:07.977 PM 03/06/2015,Teleop Enabled,0.000000,20.000000,12.700000,285.493638,-0.000000,-0.039270,0.000000,0.078540,360.000000,360.250000,TRUE,0.060000,0.000000,TRUE,TRUE,PIDControl,Disabled,FALSE,FALSE,0.968750
12:08:08.078 PM 03/06/2015,Teleop Enabled,0.000000,21.000000,12.700000,285.221517,-0.000000,-0.039270,0.000000,0.078540,360.000000,360.250000,TRUE,0.059375,0.000000,TRUE,TRUE,PIDControl,Disabled,FALSE,FALSE,0.968750
12:08:08.178 PM 03/06/2015,Teleop Enabled,0.000000,21.000000,12.700000,284.957933,-0.000000,-0.039270,0.000000,0.078540,360.000000,360.250000,TRUE,0.058750,0.000000,TRUE,TRUE,PIDControl,Disabled,FALSE,FALSE,0.968750
12:08:08.279 PM 03/06/2015,Teleop Enabled,0.000000,19.000000,12.700000,284.698369,-0.000000,-0.039270,0.000000,0.078540,360.000000,360.250000,TRUE,0.058125,0.000000,TRUE,TRUE,PIDControl,Disabled,FALSE,FALSE,0.968750
12:08:08.380 PM 03/06/2015,Teleop Enabled,0.000000,20.000000,12.650000,284.419507,-0.000000,-0.039270,0.000000,0.078540,360.000000,360.250000,TRUE,0.057500,0.000000,TRUE,TRUE,PIDControl,Disabled,FALSE,FALSE,0.968750
12:08:08.481 PM 03/06/2015,Teleop Enabled,0.000000,21.000000,12.700000,284.158228,-0.000000,-0.039270,0.000000,0.078540,360.000000,360.250000,TRUE,0.056875,0.000000,TRUE,TRUE,PIDControl,Disabled,FALSE,FALSE,0.968750
12:08:08.581 PM 03/06/2015,Teleop Enabled,0.000000,21.000000,12.700000,283.889131,-0.000000,-0.039270,0.000000,0.078540,360.000000,360.250000,TRUE,0.056250,0.000000,TRUE,TRUE,PIDControl,Disabled,FALSE,FALSE,0.968750
12:08:08.682 PM 03/06/2015,Teleop Enabled,0.000000,20.000000,12.700000,283.622119,-0.000000,-0.039270,0.000000,0.078540,360.000000,360.250000,TRUE,0.055625,0.000000,TRUE,TRUE,PIDControl,Disabled,FALSE,FALSE,0.968750
12:08:08.782 PM 03/06/2015,Teleop Enabled,0.000000,19.000000,12.700000,283.340957,-0.000000,-0.039270,0.000000,0.078540,360.000000,360.250000,TRUE,0.055000,0.000000,TRUE,TRUE,PIDControl,Disabled,FALSE,FALSE,0.968750
12:08:08.883 PM 03/06/2015,Teleop Enabled,0.000000,20.000000,12.700000,283.059611,-0.000000,-0.039270,0.000000,0.078540,360.000000,360.250000,TRUE,0.054375,0.000000,TRUE,TRUE,PIDControl,Disabled,FALSE,FALSE,0.968750
12:08:08.984 PM 03/06/2015,Teleop Enabled,0.000000,20.000000,12.700000,282.786751,-0.000000,-0.039270,0.000000,0.078540,360.000000,360.250000,TRUE,0.053750,0.000000,TRUE,TRUE,PIDControl,Disabled,FALSE,FALSE,0.968750
12:08:09.085 PM 03/06/2015,Teleop Enabled,0.000000,21.000000,12.700000,282.518888,-0.000000,-0.039270,0.000000,0.078540,360.000000,360.250000,TRUE,0.053125,0.000000,TRUE,TRUE,PIDControl,Disabled,FALSE,FALSE,0.968750
12:08:09.186 PM 03/06/2015,Teleop Enabled,0.000000,20.000000,12.700000,282.254553,-0.000000,-0.039270,0.000000,0.078540,360.000000,360.250000,TRUE,0.052500,0.000000,TRUE,TRUE,PIDControl,Disabled,FALSE,FALSE,0.968750
12:08:09.287 PM 03/06/2015,Teleop Enabled,0.000000,20.000000,12.700000,281.988570,-0.000000,-0.039270,0.000000,0.078540,360.000000,360.250000,TRUE,0.051875,0.000000,TRUE,TRUE,PIDControl,Disabled,FALSE,FALSE,0.968750
12:08:09.387 PM 03/06/2015,Teleop Enabled,0.000000,20.000000,12.650000,281.724658,-0.000000,-0.039270,0.000000,0.078540,360.000000,360.250000,TRUE,0.051250,0.000000,TRUE,TRUE,PIDControl,Disabled,FALSE,FALSE,0.968750
12:08:09.488 PM 03/06/2015,Teleop Enabled,0.000000,19.000000,12.700000,281.454208,-0.000000,-0.039270,0.000000,0.078540,360.000000,360.250000,TRUE,0.050625,0.000000,TRUE,TRUE,PIDControl,Disabled,FALSE,FALSE,0.968750
12:08:09.588 PM 03/06/2015,Teleop Enabled,0.000000,20.000000,12.700000,281.187282,-0.000000,-0.039270,0.000000,0.078540,360.000000,360.250000,TRUE,0.050000,0.000000,TRUE,TRUE,PIDControl,Disabled,FALSE,FALSE,0.968750
12:08:09.689 PM 03/06/2015,Teleop Enabled,0.000000,20.000000,12.750000,280.917881,-0.000000,-0.039270,0.000000,0.078540,360.000000,360.250000,TRUE,0.049375,0.000000,TRUE,TRUE,PIDControl,Disabled,FALSE,FALSE,0.968750
12:08:09.791 PM 03/06/2015,Teleop Enabled,0.000000,20.000000,12.700000,280.648979,-0.000000,-0.039270,0.000000,0.078540,360.000000,360.250000,TRUE,0.048750,0.000000,TRUE,TRUE,PIDControl,Disabled,FALSE,FALSE,0.968750
12:08:09.891 PM 03/06/2015,Teleop Enabled,0.000000,20.000000,12.750000,280.382801,-0.000000,-0.039270,0.000000,0.078540,360.000000,360.250000,TRUE,0.048125,0.000000,TRUE,TRUE,PIDControl,Disabled,FALSE,FALSE,0.968750
12:08:09.992 PM 03/06/2015,Teleop Enabled,0.000000,20.000000,12.700000,280.098611,-0.000000,-0.039270,0.000000,0.078540,360.000000,360.250000,TRUE,0.047375,0.000000,TRUE,TRUE,PIDControl,Disabled,FALSE,FALSE,0.968750
12:08:10.092 PM 03/06/2015,Teleop Enabled,0.000000,19.000000,12.700000,279.835650,-0.000000,-0.039270,0.000000,0.078540,360.000000,360.250000,TRUE,0.046750,0.000000,TRUE,TRUE,PIDControl,Disabled,FALSE,FALSE,0.968750
12:08:10.193 PM 03/06/2015,Teleop Enabled,0.000000,20.000000,12.700000,279.554826,-0.000000,-0.039270,0.000000,0.078540,360.000000,360.250000,TRUE,0.046125,0.000000,TRUE,TRUE,PIDControl,Disabled,FALSE,FALSE,0.968750
12:08:10.293 PM 03/06/2015,Teleop Enabled,0.000000,21.000000,12.700000,279.287667,-0.000000,-0.039270,0.000000,0.078540,360.000000,360.250000,TRUE,0.045500,0.000000,TRUE,TRUE,PIDControl,Disabled,FALSE,FALSE,0.968750
12:08:10.394 PM 03/06/2015,Teleop Enabled,0.000000,20.000000,12.700000,279.009339,-0.000000,-0.039270,0.000000,0.078540,360.000000,360.250000,TRUE,0.044875,0.000000,TRUE,TRUE,PIDControl,Disabled,FALSE,FALSE,0.968750
12:08:10.494 PM 03/06/2015,Teleop Enabled,0.000000,20.000000,12.700000,278.727431,-0.000000,-0.039270,0.000000,0.078540,360.000000,360.250000,TRUE,0.044250,0.000000,TRUE,TRUE,PIDControl,Disabled,FALSE,FALSE,0.968750
12:08:10.595 PM 03/06/2015,Teleop Enabled,0.000000,21.000000,12.750000,278.472817,-0.000000,-0.039270,0.000000,0.078540,360.000000,360.250000,TRUE,0.043625,0.000000,TRUE,TRUE,PIDControl,Disabled,FALSE,FALSE,0.968750
12:08:10.695 PM 03/06/2015,Teleop Enabled,0.000000,21.000000,12.700000,278.198152,-0.000000,-0.039270,0.000000,0.078540,360.000000,360.250000,TRUE,0.043000,0.000000,TRUE,TRUE,PIDControl,Disabled,FALSE,FALSE,0.968750
12:08:10.795 PM 03/06/2015,Teleop Enabled,0.000000,21.000000,12.700000,277.926591,-0.000000,-0.039270,0.000000,0.078540,360.000000,360.250000,TRUE,0.042375,0.000000,TRUE,TRUE,PIDControl,Disabled,FALSE,FALSE,0.968750
12:08:10.896 PM 03/06/2015,Teleop Enabled,0.000000,20.000000,12.750000,277.667191,-0.000000,-0.039270,0.000000,0.078540,360.000000,360.250000,TRUE,0.041750,0.000000,TRUE,TRUE,PIDControl,Disabled,FALSE,FALSE,0.968750
12:08:10.997 PM 03/06/2015,Teleop Enabled,0.000000,21.000000,12.750000,277.390148,-0.000000,-0.039270,0.000000,0.078540,360.000000,360.250000,TRUE,0.041125,0.000000,TRUE,TRUE,PIDControl,Disabled,FALSE,FALSE,0.968750
12:08:11.097 PM 03/06/2015,Teleop Enabled,0.000000,21.000000,12.700000,277.130399,-0.000000,-0.039270,0.000000,0.078540,360.000000,360.250000,TRUE,0.040500,0.000000,TRUE,TRUE,PIDControl,Disabled,FALSE,FALSE,0.968750
12:08:11.199 PM 03/06/2015,Teleop Enabled,0.000000,31.000000,12.700000,276.861450,-0.000000,-0.039270,0.000000,0.078540,360.000000,360.250000,TRUE,0.040125,0.000000,TRUE,TRUE,PIDControl,Disabled,FALSE,FALSE,0.968750
12:08:11.299 PM 03/06/2015,Teleop Enabled,0.000000,20.000000,12.700000,276.604596,-0.000000,-0.039270,0.000000,0.078540,360.000000,360.250000,TRUE,0.039375,0.000000,TRUE,TRUE,PIDControl,Disabled,FALSE,FALSE,0.968750
12:08:11.400 PM 03/06/2015,Teleop Enabled,0.000000,20.000000,12.700000,276.345511,-0.000000,-0.039270,0.000000,0.078540,360.000000,360.000000,TRUE,0.048125,0.000000,TRUE,TRUE,PIDControl,Disabled,FALSE,FALSE,0.968750
12:08:11.501 PM 03/06/2015,Teleop Enabled,0.000000,20.000000,12.700000,276.060897,-0.000000,-0.039270,0.000000,0.078540,360.000000,360.000000,TRUE,0.048125,0.000000,TRUE,TRUE,PIDControl,Disabled,FALSE,FALSE,0.968750
12:08:11.602 PM 03/06/2015,Teleop Enabled,0.000000,21.000000,12.700000,275.787996,-0.000000,-0.039270,0.000000,0.078540,360.000000,360.000000,TRUE,0.048125,0.000000,TRUE,TRUE,PIDControl,Disabled,FALSE,FALSE,0.968750
12:08:11.702 PM 03/06/2015,Teleop Enabled,0.000000,20.000000,12.750000,275.526507,-0.000000,-0.039270,0.000000,0.078540,360.000000,360.000000,TRUE,0.048125,0.000000,TRUE,TRUE,PIDControl,Disabled,FALSE,FALSE,0.968750
12:08:11.804 PM 03/06/2015,Teleop Enabled,0.000000,21.000000,12.750000,275.274255,-0.000000,-0.039270,0.000000,0.078540,360.000000,360.000000,TRUE,0.048125,0.000000,TRUE,TRUE,PIDControl,Disabled,FALSE,FALSE,0.968750
12:08:11.904 PM 03/06/2015,Teleop Enabled,0.000000,20.000000,12.750000,275.005086,-0.000000,-0.039270,0.000000,0.078540,360.000000,360.000000,TRUE,0.048125,0.000000,TRUE,TRUE,PIDControl,Disabled,FALSE,FALSE,0.968750
12:08:12.004 PM 03/06/2015,Teleop Enabled,0.000000,21.000000,12.700000,274.741879,-0.000000,-0.039270,0.000000,0.078540,360.000000,360.000000,TRUE,0.048125,0.000000,TRUE,TRUE,PIDControl,Disabled,FALSE,FALSE,0.968750
12:08:12.104 PM 03/06/2015,Teleop Enabled,0.000000,20.000000,12.700000,274.474877,-0.000000,-0.039270,0.000000,0.078540,360.000000,360.000000,TRUE,0.048125,0.000000,TRUE,TRUE,PIDControl,Disabled,FALSE,FALSE,0.968750
12:08:12.206 PM 03/06/2015,Teleop Enabled,0.000000,20.000000,12.700000,274.204950,-0.000000,-0.039270,0.000000,0.078540,360.000000,360.000000,TRUE,0.048125,0.000000,TRUE,TRUE,PIDControl,Disabled,FALSE,FALSE,0.968750
12:08:12.307 PM 03/06/2015,Teleop Enabled,0.000000,21.000000,12.700000,273.935775,-0.000000,-0.039270,0.000000,0.078540,360.000000,360.000000,TRUE,0.048125,0.000000,TRUE,TRUE,PIDControl,Disabled,FALSE,FALSE,0.968750
12:08:12.407 PM 03/06/2015,Teleop Enabled,0.000000,19.000000,12.700000,273.672270,-0.000000,-0.039270,0.000000,0.078540,360.000000,360.000000,TRUE,0.048125,0.000000,TRUE,TRUE,PIDControl,Disabled,FALSE,FALSE,0.968750
12:08:12.508 PM 03/06/2015,Teleop Enabled,0.000000,21.000000,12.700000,273.408157,-0.000000,-0.039270,0.000000,0.078540,360.000000,360.000000,TRUE,0.048125,0.000000,TRUE,TRUE,PIDControl,Disabled,FALSE,FALSE,0.968750
12:08:12.609 PM 03/06/2015,Teleop Enabled,0.000000,21.000000,12.750000,273.141767,-0.000000,-0.039270,0.000000,0.078540,360.000000,360.000000,TRUE,0.048125,0.000000,TRUE,TRUE,PIDControl,Disabled,FALSE,FALSE,0.968750
12:08:12.718 PM 03/06/2015,Teleop Enabled,0.000000,21.000000,12.700000,272.815867,-0.000000,-0.039270,0.000000,0.078540,360.000000,360.000000,TRUE,0.048125,0.000000,TRUE,TRUE,PIDControl,Disabled,FALSE,FALSE,0.968750
12:08:12.820 PM 03/06/2015,Teleop Enabled,0.000000,21.000000,12.700000,272.549922,-0.000000,-0.039270,0.000000,0.078540,360.000000,360.000000,TRUE,0.048125,0.000000,TRUE,TRUE,PIDControl,Disabled,FALSE,FALSE,0.968750
12:08:12.923 PM 03/06/2015,Teleop Enabled,0.000000,21.000000,12.750000,272.273856,-0.000000,-0.039270,0.000000,0.078540,360.000000,360.000000,TRUE,0.048125,0.000000,TRUE,TRUE,PIDControl,Disabled,FALSE,FALSE,0.968750
12:08:13.023 PM 03/06/2015,Teleop Enabled,0.000000,23.000000,12.700000,272.012791,-0.000000,-0.039270,0.000000,0.078540,360.000000,360.000000,TRUE,0.048125,0.000000,TRUE,TRUE,PIDControl,Disabled,FALSE,FALSE,0.968750
12:08:13.126 PM 03/06/2015,Teleop Enabled,0.000000,20.000000,12.700000,271.764199,-0.000000,-0.039270,0.000000,0.078540,360.000000,360.000000,TRUE,0.048125,0.000000,TRUE,TRUE,PIDControl,Disabled,FALSE,FALSE,0.968750
12:08:13.228 PM 03/06/2015,Teleop Enabled,0.000000,20.000000,12.700000,271.504410,-0.000000,-0.039270,0.000000,0.078540,360.000000,360.000000,TRUE,0.048125,0.000000,TRUE,TRUE,PIDControl,Disabled,FALSE,FALSE,0.968750
12:08:13.328 PM 03/06/2015,Teleop Enabled,0.000000,19.000000,12.700000,271.223077,-0.000000,-0.039270,0.000000,0.078540,360.000000,360.000000,TRUE,0.048125,0.000000,TRUE,TRUE,PIDControl,Disabled,FALSE,FALSE,0.968750
12:08:13.430 PM 03/06/2015,Teleop Enabled,0.000000,20.000000,12.700000,270.958417,-0.000000,-0.039270,0.000000,0.078540,360.000000,360.000000,TRUE,0.048125,0.000000,TRUE,TRUE,PIDControl,Disabled,FALSE,FALSE,0.968750
12:08:13.531 PM 03/06/2015,Teleop Enabled,0.000000,20.000000,12.700000,270.694204,-0.000000,-0.039270,0.000000,0.078540,360.000000,360.000000,TRUE,0.048125,0.000000,TRUE,TRUE,PIDControl,Disabled,FALSE,FALSE,0.968750
12:08:13.633 PM 03/06/2015,Teleop Enabled,0.000000,20.000000,12.750000,270.380643,-0.000000,-0.039270,0.000000,0.078540,360.000000,360.000000,TRUE,0.048125,0.000000,TRUE,TRUE,PIDControl,Disabled,FALSE,FALSE,0.968750
12:08:13.733 PM 03/06/2015,Teleop Enabled,0.000000,20.000000,12.750000,270.100281,-0.000000,-0.039270,0.000000,0.078540,360.000000,360.000000,TRUE,0.048125,0.000000,TRUE,TRUE,PIDControl,Disabled,FALSE,FALSE,0.968750
12:08:13.835 PM 03/06/2015,Teleop Enabled,0.000000,19.000000,12.700000,269.826604,-0.000000,-0.039270,0.000000,0.078540,360.000000,360.000000,TRUE,0.048125,0.000000,TRUE,TRUE,PIDControl,Disabled,FALSE,FALSE,0.968750
12:08:13.936 PM 03/06/2015,Teleop Enabled,0.000000,21.000000,12.700000,269.549516,-0.000000,-0.039270,0.000000,0.078540,360.000000,360.000000,TRUE,0.048125,0.000000,TRUE,TRUE,PIDControl,Disabled,FALSE,FALSE,0.968750
12:08:14.036 PM 03/06/2015,Teleop Enabled,0.000000,21.000000,12.700000,269.289241,-0.000000,-0.039270,0.000000,0.078540,360.000000,360.000000,TRUE,0.048125,0.000000,TRUE,TRUE,PIDControl,Disabled,FALSE,FALSE,0.968750
12:08:14.138 PM 03/06/2015,Teleop Enabled,0.000000,22.000000,12.700000,269.027613,-0.000000,-0.039270,0.000000,0.078540,360.000000,360.000000,TRUE,0.048125,0.000000,TRUE,TRUE,PIDControl,Disabled,FALSE,FALSE,0.968750
12:08:14.240 PM 03/06/2015,Teleop Enabled,0.000000,20.000000,12.700000,268.749773,-0.000000,-0.039270,0.000000,0.078540,360.000000,360.000000,TRUE,0.048125,0.000000,TRUE,TRUE,PIDControl,Disabled,FALSE,FALSE,0.968750
12:08:14.341 PM 03/06/2015,Teleop Enabled,0.000000,19.000000,12.700000,268.477177,-0.000000,-0.039270,0.000000,0.078540,360.000000,360.000000,TRUE,0.048125,0.000000,TRUE,TRUE,PIDControl,Disabled,FALSE,FALSE,0.968750
12:08:14.443 PM 03/06/2015,Teleop Enabled,0.000000,20.000000,12.700000,268.211016,-0.000000,-0.039270,0.000000,0.078540,360.000000,360.000000,TRUE,0.048125,0.000000,TRUE,TRUE,PIDControl,Disabled,FALSE,FALSE,0.968750
12:08:14.546 PM 03/06/2015,Teleop Enabled,0.000000,21.000000,12.700000,267.936601,-0.000000,-0.039270,0.000000,0.078540,360.000000,360.000000,TRUE,0.048125,0.000000,TRUE,TRUE,PIDControl,Disabled,FALSE,FALSE,0.968750
12:08:14.647 PM 03/06/2015,Teleop Enabled,0.000000,20.000000,12.750000,267.667347,-0.000000,-0.039270,0.000000,0.078540,360.000000,360.000000,TRUE,0.048125,0.000000,TRUE,TRUE,PIDControl,Disabled,FALSE,FALSE,0.968750
12:08:14.748 PM 03/06/2015,Teleop Enabled,0.000000,20.000000,12.700000,267.397984,-0.000000,-0.039270,0.000000,0.078540,360.000000,360.000000,TRUE,0.048125,0.000000,TRUE,TRUE,PIDControl,Disabled,FALSE,FALSE,0.968750
12:08:14.848 PM 03/06/2015,Teleop Enabled,0.000000,21.000000,12.750000,267.123203,-0.000000,-0.039270,0.000000,0.078540,360.000000,360.000000,TRUE,0.048125,0.000000,TRUE,TRUE,PIDControl,Disabled,FALSE,FALSE,0.968750
12:08:14.949 PM 03/06/2015,Teleop Enabled,0.000000,20.000000,12.700000,266.867478,-0.000000,-0.039270,0.000000,0.078540,360.000000,360.000000,TRUE,0.048125,0.000000,TRUE,TRUE,PIDControl,Disabled,FALSE,FALSE,0.968750
12:08:15.051 PM 03/06/2015,Teleop Enabled,0.000000,19.000000,12.700000,266.588236,-0.000000,-0.039270,0.000000,0.078540,360.000000,360.000000,TRUE,0.048125,0.000000,TRUE,TRUE,PIDControl,Disabled,FALSE,FALSE,0.968750
12:08:15.152 PM 03/06/2015,Teleop Enabled,0.000000,20.000000,12.700000,266.255730,-0.000000,-0.039270,0.000000,0.078540,360.000000,360.000000,TRUE,0.048125,0.000000,TRUE,TRUE,PIDControl,Disabled,FALSE,FALSE,0.968750
12:08:15.254 PM 03/06/2015,Teleop Enabled,0.000000,20.000000,12.700000,265.994173,-0.000000,-0.039270,0.000000,0.078540,360.000000,360.000000,TRUE,0.048125,0.000000,TRUE,TRUE,PIDControl,Disabled,FALSE,FALSE,0.968750
12:08:15.355 PM 03/06/2015,Teleop Enabled,0.000000,19.000000,12.700000,265.719443,-0.000000,-0.039270,0.000000,0.078540,360.000000,360.000000,TRUE,0.048125,0.000000,TRUE,TRUE,PIDControl,Disabled,FALSE,FALSE,0.968750
12:08:15.458 PM 03/06/2015,Teleop Enabled,0.000000,20.000000,12.700000,265.459654,-0.000000,-0.039270,0.000000,0.078540,360.000000,360.000000,TRUE,0.048125,0.000000,TRUE,TRUE,PIDControl,Disabled,FALSE,FALSE,0.968750
12:08:15.558 PM 03/06/2015,Teleop Enabled,0.000000,20.000000,12.750000,265.189115,-0.000000,-0.039270,0.000000,0.078540,360.000000,360.000000,TRUE,0.048125,0.000000,TRUE,TRUE,PIDControl,Disabled,FALSE,FALSE,0.968750
12:08:15.659 PM 03/06/2015,Teleop Enabled,0.000000,20.000000,12.750000,264.931967,-0.000000,-0.039270,0.000000,0.078540,360.000000,360.000000,TRUE,0.048125,0.000000,TRUE,TRUE,PIDControl,Disabled,FALSE,FALSE,0.968750
12:08:15.760 PM 03/06/2015,Teleop Enabled,0.000000,19.000000,12.750000,264.656093,-0.000000,-0.039270,0.000000,0.078540,360.000000,360.000000,TRUE,0.048125,0.000000,TRUE,TRUE,PIDControl,Disabled,FALSE,FALSE,0.968750
12:08:15.862 PM 03/06/2015,Teleop Enabled,0.000000,19.000000,12.750000,264.444391,-0.000000,-0.039270,0.000000,0.078540,360.000000,360.000000,TRUE,0.048125,0.000000,TRUE,TRUE,PIDControl,Disabled,FALSE,FALSE,0.968750
12:08:15.963 PM 03/06/2015,Teleop Enabled,0.000000,20.000000,12.750000,264.183453,-0.000000,-0.039270,0.000000,0.078540,360.000000,360.000000,TRUE,0.048125,0.000000,TRUE,TRUE,PIDControl,Disabled,FALSE,FALSE,0.968750
12:08:16.064 PM 03/06/2015,Teleop Enabled,0.000000,30.000000,12.700000,263.870182,-0.000000,-0.039270,0.000000,0.078540,360.000000,360.000000,TRUE,0.048125,0.000000,TRUE,TRUE,PIDControl,Disabled,FALSE,FALSE,0.968750
12:08:16.164 PM 03/06/2015,Teleop Enabled,0.000000,31.000000,12.700000,263.588214,-0.000000,-0.039270,0.000000,0.078540,360.000000,360.000000,TRUE,0.048125,0.000000,TRUE,TRUE,PIDControl,Disabled,FALSE,FALSE,0.968750
12:08:16.264 PM 03/06/2015,Teleop Enabled,0.000000,28.000000,12.700000,263.317719,-0.000000,-0.039270,0.000000,0.078540,360.000000,360.000000,TRUE,0.048125,0.000000,TRUE,TRUE,PIDControl,Disabled,FALSE,FALSE,0.968750